"k","mean_r_m","subset_variance_captured","pca_variance_at_k_components"
8,0.695438271560488,0.483634389551038,0.649153437937525
15,0.791208543460001,0.626010959244096,0.784807523436215
23,0.856650947669613,0.733850846143246,0.878309731982864
31,0.900455557083288,0.810820210282175,0.930762212565126
38,0.925426329533063,0.856413891393038,0.95873710885826
46,0.950535731862524,0.903518177547425,0.977861207034103
54,0.969350257437538,0.939639921594221,0.98926543051406
62,0.983661446155259,0.967589840652255,0.995764168490212
69,0.991223208258156,0.982523448589591,0.99873498299025
