"k","mean_r_m","median_r_m","min_r_m","max_r_m"
8,0.695438271560488,0.693899621212215,0.662601392914347,0.721585386851848
15,0.791208543460001,0.793489762510899,0.77276225321838,0.800518724045051
23,0.856650947669613,0.857449502129027,0.829834146350009,0.873403074865254
31,0.900455557083288,0.899568373954014,0.892073839504323,0.916473219541169
38,0.925426329533063,0.92439647332874,0.911708672467171,0.940541691566058
46,0.950535731862524,0.952027948658816,0.933029286809808,0.959968158996686
54,0.969350257437538,0.969278302833766,0.961062723325491,0.97777717644283
62,0.983661446155259,0.983502242521715,0.975516001983467,0.990712888200575
69,0.991223208258156,0.991217564563102,0.986340178069822,0.994938144553924
