"combination","metric","group","variable"
"flat_pillar_21","distance","IN.1","RegQua"
"flat_pillar_21","distance","IN.1","GovEff"
"flat_pillar_21","distance","IN.1","EntreprenPCplus"
"flat_pillar_21","distance","IN.2","QSRank"
"flat_pillar_21","distance","IN.2","SciEngGrad"
"flat_pillar_21","distance","IN.2","ResPPop"
"flat_pillar_21","distance","IN.3","LogPerf"
"flat_pillar_21","distance","IN.3","ISOEnv"
"flat_pillar_21","distance","IN.3","ICTAccWIPO5G20"
"flat_pillar_21","distance","IN.4","JointVenPB"
"flat_pillar_21","distance","IN.4","LateVCInt"
"flat_pillar_21","distance","IN.4","DomCred2Priv"
"flat_pillar_21","distance","IN.5","HiTechImp"
"flat_pillar_21","distance","IN.5","Demogdividend"
"flat_pillar_21","distance","IN.5","ICTSevImp"
"flat_pillar_21","distance","OUT.6","SciTechArt"
"flat_pillar_21","distance","OUT.6","PCTInventors"
"flat_pillar_21","distance","OUT.6","ICTServExp"
"flat_pillar_21","distance","OUT.7","TLDsMix"
"flat_pillar_21","distance","OUT.7","CultServExp"
"flat_pillar_21","distance","OUT.7","IndustDes"
"flat_pillar_21","r_m","IN.1","EntreprenPCplus"
"flat_pillar_21","r_m","IN.1","PolicyDB"
"flat_pillar_21","r_m","IN.1","RegQua"
"flat_pillar_21","r_m","IN.2","QSRank"
"flat_pillar_21","r_m","IN.2","ExpEdu"
"flat_pillar_21","r_m","IN.2","ResPPop"
"flat_pillar_21","r_m","IN.3","LowCarbonEner"
"flat_pillar_21","r_m","IN.3","ElecOut"
"flat_pillar_21","r_m","IN.3","GroCap"
"flat_pillar_21","r_m","IN.4","LateVCInt"
"flat_pillar_21","r_m","IN.4","MarkCap"
"flat_pillar_21","r_m","IN.4","JointVenPB"
"flat_pillar_21","r_m","IN.5","Demogdividend"
"flat_pillar_21","r_m","IN.5","IntelPropPay"
"flat_pillar_21","r_m","IN.5","FDINetInfl"
"flat_pillar_21","r_m","OUT.6","ISOQual"
"flat_pillar_21","r_m","OUT.6","PCTInventors"
"flat_pillar_21","r_m","OUT.6","UtilModOrig"
"flat_pillar_21","r_m","OUT.7","CorpIAs"
"flat_pillar_21","r_m","OUT.7","AppCrea"
"flat_pillar_21","r_m","OUT.7","CreaGoodExp"
"prop_pillar_21","distance","IN.1","EntreprenPCplus"
"prop_pillar_21","distance","IN.1","RegQua"
"prop_pillar_21","distance","IN.2","QSRank"
"prop_pillar_21","distance","IN.2","RDCompExp"
"prop_pillar_21","distance","IN.2","PISA"
"prop_pillar_21","distance","IN.3","ElecOut"
"prop_pillar_21","distance","IN.3","ICTAccWIPO5G20"
"prop_pillar_21","distance","IN.4","VenCapRecPB"
"prop_pillar_21","distance","IN.4","AppTariffWTO"
"prop_pillar_21","distance","IN.4","DomCred2Priv"
"prop_pillar_21","distance","IN.5","ICTSevImp"
"prop_pillar_21","distance","IN.5","HiTechImp"
"prop_pillar_21","distance","IN.5","Demogdividend"
"prop_pillar_21","distance","IN.5","FDINetInfl"
"prop_pillar_21","distance","OUT.6","PCTInventors"
"prop_pillar_21","distance","OUT.6","EcComplexity"
"prop_pillar_21","distance","OUT.6","ICTServExp"
"prop_pillar_21","distance","OUT.6","SciTechArt"
"prop_pillar_21","distance","OUT.7","IndustDes"
"prop_pillar_21","distance","OUT.7","GHRecSentNoBot"
"prop_pillar_21","distance","OUT.7","CorpIAs"
"prop_pillar_21","r_m","IN.1","GovEff"
"prop_pillar_21","r_m","IN.1","EntreprenPCplus"
"prop_pillar_21","r_m","IN.2","RDCompExp"
"prop_pillar_21","r_m","IN.2","ExpEdu"
"prop_pillar_21","r_m","IN.2","ResPPop"
"prop_pillar_21","r_m","IN.3","ISOEnv"
"prop_pillar_21","r_m","IN.3","GroCap"
"prop_pillar_21","r_m","IN.4","MarkCap"
"prop_pillar_21","r_m","IN.4","JointVenPB"
"prop_pillar_21","r_m","IN.4","MicroLoanIMFFAS"
"prop_pillar_21","r_m","IN.5","ICTSevImp"
"prop_pillar_21","r_m","IN.5","PatFam"
"prop_pillar_21","r_m","IN.5","Demogdividend"
"prop_pillar_21","r_m","IN.5","IntelPropPay"
"prop_pillar_21","r_m","OUT.6","HTExpHKG"
"prop_pillar_21","r_m","OUT.6","GrowPPP"
"prop_pillar_21","r_m","OUT.6","UnicornVal"
"prop_pillar_21","r_m","OUT.6","UtilModOrig"
"prop_pillar_21","r_m","OUT.7","CorpIAs"
"prop_pillar_21","r_m","OUT.7","CultServExp"
"prop_pillar_21","r_m","OUT.7","FilmsOmdia"
"flat_subpillar_21","distance","SP1.1","PolStab"
"flat_subpillar_21","distance","SP1.2","RegQua"
"flat_subpillar_21","distance","SP1.3","EntreprenPCplus"
"flat_subpillar_21","distance","SP2.1","PISA"
"flat_subpillar_21","distance","SP2.2","TertEnrol"
"flat_subpillar_21","distance","SP2.3","QSRank"
"flat_subpillar_21","distance","SP3.1","ICTAccWIPO5G20"
"flat_subpillar_21","distance","SP3.2","ElecOut"
"flat_subpillar_21","distance","SP3.3","GDPEner"
"flat_subpillar_21","distance","SP4.1","DomCred2Priv"
"flat_subpillar_21","distance","SP4.2","VenCapRecPB"
"flat_subpillar_21","distance","SP4.3","DomMarkSc"
"flat_subpillar_21","distance","SP5.1","GERDPerf"
"flat_subpillar_21","distance","SP5.2","UniResColl"
"flat_subpillar_21","distance","SP5.3","ICTSevImp"
"flat_subpillar_21","distance","SP6.1","PCTInventors"
"flat_subpillar_21","distance","SP6.2","HiTechManuf"
"flat_subpillar_21","distance","SP6.3","EcComplexity"
"flat_subpillar_21","distance","SP7.1","CorpIAs"
"flat_subpillar_21","distance","SP7.2","CultServExp"
"flat_subpillar_21","distance","SP7.3","GHRecSentNoBot"
"flat_subpillar_21","r_m","SP1.1","PolStab"
"flat_subpillar_21","r_m","SP1.2","RegQua"
"flat_subpillar_21","r_m","SP1.3","EntreprenPCplus"
"flat_subpillar_21","r_m","SP2.1","ExpEdu"
"flat_subpillar_21","r_m","SP2.2","SciEngGrad"
"flat_subpillar_21","r_m","SP2.3","RDCompExp"
"flat_subpillar_21","r_m","SP3.1","ICTAccWIPO5G20"
"flat_subpillar_21","r_m","SP3.2","ElecOut"
"flat_subpillar_21","r_m","SP3.3","ISOEnv"
"flat_subpillar_21","r_m","SP4.1","MicroLoanIMFFAS"
"flat_subpillar_21","r_m","SP4.2","JointVenPB"
"flat_subpillar_21","r_m","SP4.3","DomMarkSc"
"flat_subpillar_21","r_m","SP5.1","GERDPerf"
"flat_subpillar_21","r_m","SP5.2","THEunirank"
"flat_subpillar_21","r_m","SP5.3","HiTechImp"
"flat_subpillar_21","r_m","SP6.1","PCTInventors"
"flat_subpillar_21","r_m","SP6.2","GrowPPP"
"flat_subpillar_21","r_m","SP6.3","ICTServExp"
"flat_subpillar_21","r_m","SP7.1","TradmkOrig"
"flat_subpillar_21","r_m","SP7.2","CultServExp"
"flat_subpillar_21","r_m","SP7.3","AppCrea"
"flat_pillar_42","distance","IN.1","GovEff"
"flat_pillar_42","distance","IN.1","PolStab"
"flat_pillar_42","distance","IN.1","RegQua"
"flat_pillar_42","distance","IN.1","RuleOL"
"flat_pillar_42","distance","IN.1","PolicyDB"
"flat_pillar_42","distance","IN.1","EntreprenPCplus"
"flat_pillar_42","distance","IN.2","TertEnrol"
"flat_pillar_42","distance","IN.2","RDCompExp"
"flat_pillar_42","distance","IN.2","RDExp"
"flat_pillar_42","distance","IN.2","QSRank"
"flat_pillar_42","distance","IN.2","GovFundPup"
"flat_pillar_42","distance","IN.2","PISA"
"flat_pillar_42","distance","IN.3","LowCarbonEner"
"flat_pillar_42","distance","IN.3","ICTAccWIPO5G20"
"flat_pillar_42","distance","IN.3","ElecOut"
"flat_pillar_42","distance","IN.3","ICTUseWIPO2"
"flat_pillar_42","distance","IN.3","GroCap"
"flat_pillar_42","distance","IN.3","LogPerf"
"flat_pillar_42","distance","IN.4","HHI"
"flat_pillar_42","distance","IN.4","MicroLoanIMFFAS"
"flat_pillar_42","distance","IN.4","VenCapInvPB"
"flat_pillar_42","distance","IN.4","DomMarkSc"
"flat_pillar_42","distance","IN.4","AppTariffWTO"
"flat_pillar_42","distance","IN.4","MarkCap"
"flat_pillar_42","distance","IN.5","ICTSevImp"
"flat_pillar_42","distance","IN.5","IntelPropPay"
"flat_pillar_42","distance","IN.5","FDINetInfl"
"flat_pillar_42","distance","IN.5","ResTalBus"
"flat_pillar_42","distance","IN.5","PatFam"
"flat_pillar_42","distance","IN.5","GERDPerf"
"flat_pillar_42","distance","OUT.6","UnicornVal"
"flat_pillar_42","distance","OUT.6","ISOQual"
"flat_pillar_42","distance","OUT.6","IntelPropRec"
"flat_pillar_42","distance","OUT.6","SciTechArt"
"flat_pillar_42","distance","OUT.6","HiTechManuf"
"flat_pillar_42","distance","OUT.6","HTExpHKG"
"flat_pillar_42","distance","OUT.7","BrandVal"
"flat_pillar_42","distance","OUT.7","TLDsMix"
"flat_pillar_42","distance","OUT.7","CreaGoodExp"
"flat_pillar_42","distance","OUT.7","IndustDes"
"flat_pillar_42","distance","OUT.7","EntMedia"
"flat_pillar_42","distance","OUT.7","CorpIAs"
"flat_pillar_42","r_m","IN.1","PolicyDB"
"flat_pillar_42","r_m","IN.1","RegQua"
"flat_pillar_42","r_m","IN.1","GovEff"
"flat_pillar_42","r_m","IN.1","PolStab"
"flat_pillar_42","r_m","IN.1","EntreprenPCplus"
"flat_pillar_42","r_m","IN.1","RuleOL"
"flat_pillar_42","r_m","IN.2","GovFundPup"
"flat_pillar_42","r_m","IN.2","TertMob"
"flat_pillar_42","r_m","IN.2","SciEngGrad"
"flat_pillar_42","r_m","IN.2","PupTeachR"
"flat_pillar_42","r_m","IN.2","ExpEdu"
"flat_pillar_42","r_m","IN.2","TertEnrol"
"flat_pillar_42","r_m","IN.3","GroCap"
"flat_pillar_42","r_m","IN.3","ICTUseWIPO2"
"flat_pillar_42","r_m","IN.3","LowCarbonEner"
"flat_pillar_42","r_m","IN.3","ElecOut"
"flat_pillar_42","r_m","IN.3","GDPEner"
"flat_pillar_42","r_m","IN.3","ISOEnv"
"flat_pillar_42","r_m","IN.4","VenCapInvPB"
"flat_pillar_42","r_m","IN.4","MicroLoanIMFFAS"
"flat_pillar_42","r_m","IN.4","MarkCap"
"flat_pillar_42","r_m","IN.4","LateVCInt"
"flat_pillar_42","r_m","IN.4","AppTariffWTO"
"flat_pillar_42","r_m","IN.4","HHI"
"flat_pillar_42","r_m","IN.5","ICTSevImp"
"flat_pillar_42","r_m","IN.5","IntelPropPay"
"flat_pillar_42","r_m","IN.5","GERDPerf"
"flat_pillar_42","r_m","IN.5","FDINetInfl"
"flat_pillar_42","r_m","IN.5","PublicPrivCopubs"
"flat_pillar_42","r_m","IN.5","PatFam"
"flat_pillar_42","r_m","OUT.6","GrowPPP"
"flat_pillar_42","r_m","OUT.6","ICTServExp"
"flat_pillar_42","r_m","OUT.6","UnicornVal"
"flat_pillar_42","r_m","OUT.6","UtilModOrig"
"flat_pillar_42","r_m","OUT.6","SciTechArt"
"flat_pillar_42","r_m","OUT.6","HTExpHKG"
"flat_pillar_42","r_m","OUT.7","CorpIAs"
"flat_pillar_42","r_m","OUT.7","TradmkOrig"
"flat_pillar_42","r_m","OUT.7","TLDsMix"
"flat_pillar_42","r_m","OUT.7","FilmsOmdia"
"flat_pillar_42","r_m","OUT.7","BrandVal"
"flat_pillar_42","r_m","OUT.7","CultServExp"
"prop_pillar_42","distance","IN.1","RegQua"
"prop_pillar_42","distance","IN.1","EntreprenPCplus"
"prop_pillar_42","distance","IN.1","PolStab"
"prop_pillar_42","distance","IN.2","SchLifeExp"
"prop_pillar_42","distance","IN.2","RDExp"
"prop_pillar_42","distance","IN.2","TertMob"
"prop_pillar_42","distance","IN.2","ResPPop"
"prop_pillar_42","distance","IN.2","QSRank"
"prop_pillar_42","distance","IN.2","SciEngGrad"
"prop_pillar_42","distance","IN.3","ElecOut"
"prop_pillar_42","distance","IN.3","ICTUseWIPO2"
"prop_pillar_42","distance","IN.3","GovOLServ"
"prop_pillar_42","distance","IN.3","GDPEner"
"prop_pillar_42","distance","IN.3","ICTAccWIPO5G20"
"prop_pillar_42","distance","IN.4","VenCapInvPB"
"prop_pillar_42","distance","IN.4","LateVCInt"
"prop_pillar_42","distance","IN.4","MicroLoanIMFFAS"
"prop_pillar_42","distance","IN.4","AppTariffWTO"
"prop_pillar_42","distance","IN.4","JointVenPB"
"prop_pillar_42","distance","IN.4","MarkCap"
"prop_pillar_42","distance","IN.5","ICTSevImp"
"prop_pillar_42","distance","IN.5","UniResColl"
"prop_pillar_42","distance","IN.5","PublicPrivCopubs"
"prop_pillar_42","distance","IN.5","PatFam"
"prop_pillar_42","distance","IN.5","HiTechImp"
"prop_pillar_42","distance","IN.5","FemEmpDeg"
"prop_pillar_42","distance","IN.5","GERDFinBus"
"prop_pillar_42","distance","IN.5","KnowIntsEmp"
"prop_pillar_42","distance","OUT.6","ICTServExp"
"prop_pillar_42","distance","OUT.6","UnicornVal"
"prop_pillar_42","distance","OUT.6","IntelPropRec"
"prop_pillar_42","distance","OUT.6","SciTechArt"
"prop_pillar_42","distance","OUT.6","CompSoftSpend"
"prop_pillar_42","distance","OUT.6","PatOrig"
"prop_pillar_42","distance","OUT.6","HiTechManuf"
"prop_pillar_42","distance","OUT.6","ISOQual"
"prop_pillar_42","distance","OUT.7","TLDsMix"
"prop_pillar_42","distance","OUT.7","CreaGoodExp"
"prop_pillar_42","distance","OUT.7","BrandVal"
"prop_pillar_42","distance","OUT.7","CultServExp"
"prop_pillar_42","distance","OUT.7","CorpIAs"
"prop_pillar_42","distance","OUT.7","IndustDes"
"prop_pillar_42","r_m","IN.1","RuleOL"
"prop_pillar_42","r_m","IN.1","PolicyDB"
"prop_pillar_42","r_m","IN.1","EntreprenPCplus"
"prop_pillar_42","r_m","IN.2","SciEngGrad"
"prop_pillar_42","r_m","IN.2","TertMob"
"prop_pillar_42","r_m","IN.2","PupTeachR"
"prop_pillar_42","r_m","IN.2","ExpEdu"
"prop_pillar_42","r_m","IN.2","TertEnrol"
"prop_pillar_42","r_m","IN.2","GovFundPup"
"prop_pillar_42","r_m","IN.3","LowCarbonEner"
"prop_pillar_42","r_m","IN.3","ISOEnv"
"prop_pillar_42","r_m","IN.3","GroCap"
"prop_pillar_42","r_m","IN.3","ICTUseWIPO2"
"prop_pillar_42","r_m","IN.3","GDPEner"
"prop_pillar_42","r_m","IN.4","VenCapInvPB"
"prop_pillar_42","r_m","IN.4","MarkCap"
"prop_pillar_42","r_m","IN.4","MicroLoanIMFFAS"
"prop_pillar_42","r_m","IN.4","HHI"
"prop_pillar_42","r_m","IN.4","LateVCInt"
"prop_pillar_42","r_m","IN.4","AppTariffWTO"
"prop_pillar_42","r_m","IN.5","ICTSevImp"
"prop_pillar_42","r_m","IN.5","PatFam"
"prop_pillar_42","r_m","IN.5","FDINetInfl"
"prop_pillar_42","r_m","IN.5","HiTechImp"
"prop_pillar_42","r_m","IN.5","UniResColl"
"prop_pillar_42","r_m","IN.5","FemEmpDeg"
"prop_pillar_42","r_m","IN.5","THEunirank"
"prop_pillar_42","r_m","IN.5","IntelPropPay"
"prop_pillar_42","r_m","OUT.6","ICTServExp"
"prop_pillar_42","r_m","OUT.6","PCTInventors"
"prop_pillar_42","r_m","OUT.6","UnicornVal"
"prop_pillar_42","r_m","OUT.6","SciTechArt"
"prop_pillar_42","r_m","OUT.6","IntelPropRec"
"prop_pillar_42","r_m","OUT.6","HiTechManuf"
"prop_pillar_42","r_m","OUT.6","GrowPPP"
"prop_pillar_42","r_m","OUT.6","UtilModOrig"
"prop_pillar_42","r_m","OUT.7","TradmkOrig"
"prop_pillar_42","r_m","OUT.7","CorpIAs"
"prop_pillar_42","r_m","OUT.7","IndustDes"
"prop_pillar_42","r_m","OUT.7","CreaGoodExp"
"prop_pillar_42","r_m","OUT.7","FilmsOmdia"
"prop_pillar_42","r_m","OUT.7","TLDsMix"
"flat_subpillar_42","distance","SP1.1","PolStab"
"flat_subpillar_42","distance","SP1.1","GovEff"
"flat_subpillar_42","distance","SP1.2","RuleOL"
"flat_subpillar_42","distance","SP1.2","RegQua"
"flat_subpillar_42","distance","SP1.3","EntreprenPCplus"
"flat_subpillar_42","distance","SP1.3","PolicyDB"
"flat_subpillar_42","distance","SP2.1","PupTeachR"
"flat_subpillar_42","distance","SP2.1","GovFundPup"
"flat_subpillar_42","distance","SP2.2","TertMob"
"flat_subpillar_42","distance","SP2.2","TertEnrol"
"flat_subpillar_42","distance","SP2.3","ResPPop"
"flat_subpillar_42","distance","SP2.3","RDExp"
"flat_subpillar_42","distance","SP3.1","ICTUseWIPO2"
"flat_subpillar_42","distance","SP3.1","GovOLServ"
"flat_subpillar_42","distance","SP3.2","LogPerf"
"flat_subpillar_42","distance","SP3.2","ElecOut"
"flat_subpillar_42","distance","SP3.3","GDPEner"
"flat_subpillar_42","distance","SP3.3","LowCarbonEner"
"flat_subpillar_42","distance","SP4.1","DomCred2Priv"
"flat_subpillar_42","distance","SP4.1","MicroLoanIMFFAS"
"flat_subpillar_42","distance","SP4.2","VenCapInvPB"
"flat_subpillar_42","distance","SP4.2","MarkCap"
"flat_subpillar_42","distance","SP4.3","DomMarkSc"
"flat_subpillar_42","distance","SP4.3","AppTariffWTO"
"flat_subpillar_42","distance","SP5.1","Demogdividend"
"flat_subpillar_42","distance","SP5.1","GERDPerf"
"flat_subpillar_42","distance","SP5.2","PatFam"
"flat_subpillar_42","distance","SP5.2","PublicPrivCopubs"
"flat_subpillar_42","distance","SP5.3","FDINetInfl"
"flat_subpillar_42","distance","SP5.3","IntelPropPay"
"flat_subpillar_42","distance","SP6.1","CitDoc"
"flat_subpillar_42","distance","SP6.1","PatOrig"
"flat_subpillar_42","distance","SP6.2","HiTechManuf"
"flat_subpillar_42","distance","SP6.2","UnicornVal"
"flat_subpillar_42","distance","SP6.3","HTExpHKG"
"flat_subpillar_42","distance","SP6.3","ISOQual"
"flat_subpillar_42","distance","SP7.1","CorpIAs"
"flat_subpillar_42","distance","SP7.1","IndustDes"
"flat_subpillar_42","distance","SP7.2","EntMedia"
"flat_subpillar_42","distance","SP7.2","CreaGoodExp"
"flat_subpillar_42","distance","SP7.3","TLDsMix"
"flat_subpillar_42","distance","SP7.3","AppCrea"
"flat_subpillar_42","r_m","SP1.1","GovEff"
"flat_subpillar_42","r_m","SP1.1","PolStab"
"flat_subpillar_42","r_m","SP1.2","RegQua"
"flat_subpillar_42","r_m","SP1.2","RuleOL"
"flat_subpillar_42","r_m","SP1.3","EntreprenPCplus"
"flat_subpillar_42","r_m","SP1.3","PolicyDB"
"flat_subpillar_42","r_m","SP2.1","ExpEdu"
"flat_subpillar_42","r_m","SP2.1","GovFundPup"
"flat_subpillar_42","r_m","SP2.2","SciEngGrad"
"flat_subpillar_42","r_m","SP2.2","TertMob"
"flat_subpillar_42","r_m","SP2.3","ResPPop"
"flat_subpillar_42","r_m","SP2.3","RDCompExp"
"flat_subpillar_42","r_m","SP3.1","GovOLServ"
"flat_subpillar_42","r_m","SP3.1","ICTAccWIPO5G20"
"flat_subpillar_42","r_m","SP3.2","GroCap"
"flat_subpillar_42","r_m","SP3.2","ElecOut"
"flat_subpillar_42","r_m","SP3.3","GDPEner"
"flat_subpillar_42","r_m","SP3.3","LowCarbonEner"
"flat_subpillar_42","r_m","SP4.1","MicroLoanIMFFAS"
"flat_subpillar_42","r_m","SP4.1","DomCred2Priv"
"flat_subpillar_42","r_m","SP4.2","MarkCap"
"flat_subpillar_42","r_m","SP4.2","VenCapInvPB"
"flat_subpillar_42","r_m","SP4.3","AppTariffWTO"
"flat_subpillar_42","r_m","SP4.3","HHI"
"flat_subpillar_42","r_m","SP5.1","GERDPerf"
"flat_subpillar_42","r_m","SP5.1","FemEmpDeg"
"flat_subpillar_42","r_m","SP5.2","PatFam"
"flat_subpillar_42","r_m","SP5.2","THEunirank"
"flat_subpillar_42","r_m","SP5.3","FDINetInfl"
"flat_subpillar_42","r_m","SP5.3","IntelPropPay"
"flat_subpillar_42","r_m","SP6.1","PatOrig"
"flat_subpillar_42","r_m","SP6.1","UtilModOrig"
"flat_subpillar_42","r_m","SP6.2","GrowPPP"
"flat_subpillar_42","r_m","SP6.2","UnicornVal"
"flat_subpillar_42","r_m","SP6.3","ISOQual"
"flat_subpillar_42","r_m","SP6.3","HTExpHKG"
"flat_subpillar_42","r_m","SP7.1","CorpIAs"
"flat_subpillar_42","r_m","SP7.1","TradmkOrig"
"flat_subpillar_42","r_m","SP7.2","FilmsOmdia"
"flat_subpillar_42","r_m","SP7.2","CultServExp"
"flat_subpillar_42","r_m","SP7.3","TLDsMix"
"flat_subpillar_42","r_m","SP7.3","AppCrea"
"prop_subpillar_42","distance","SP1.1","PolStab"
"prop_subpillar_42","distance","SP1.2","RegQua"
"prop_subpillar_42","distance","SP1.3","EntreprenPCplus"
"prop_subpillar_42","distance","SP2.1","SchLifeExp"
"prop_subpillar_42","distance","SP2.1","PISA"
"prop_subpillar_42","distance","SP2.1","GovFundPup"
"prop_subpillar_42","distance","SP2.2","TertMob"
"prop_subpillar_42","distance","SP2.2","SciEngGrad"
"prop_subpillar_42","distance","SP2.3","RDExp"
"prop_subpillar_42","distance","SP2.3","ResPPop"
"prop_subpillar_42","distance","SP3.1","GovOLServ"
"prop_subpillar_42","distance","SP3.1","ICTUseWIPO2"
"prop_subpillar_42","distance","SP3.2","ElecOut"
"prop_subpillar_42","distance","SP3.2","LogPerf"
"prop_subpillar_42","distance","SP3.3","LowCarbonEner"
"prop_subpillar_42","distance","SP4.1","MicroLoanIMFFAS"
"prop_subpillar_42","distance","SP4.2","LateVCInt"
"prop_subpillar_42","distance","SP4.2","MarkCap"
"prop_subpillar_42","distance","SP4.2","VenCapInvPB"
"prop_subpillar_42","distance","SP4.3","AppTariffWTO"
"prop_subpillar_42","distance","SP5.1","FemEmpDeg"
"prop_subpillar_42","distance","SP5.1","Demogdividend"
"prop_subpillar_42","distance","SP5.1","GERDFinBus"
"prop_subpillar_42","distance","SP5.2","PatFam"
"prop_subpillar_42","distance","SP5.2","UniResColl"
"prop_subpillar_42","distance","SP5.2","THEunirank"
"prop_subpillar_42","distance","SP5.3","IntelPropPay"
"prop_subpillar_42","distance","SP5.3","ICTSevImp"
"prop_subpillar_42","distance","SP5.3","FDINetInfl"
"prop_subpillar_42","distance","SP6.1","CitDoc"
"prop_subpillar_42","distance","SP6.1","PatOrig"
"prop_subpillar_42","distance","SP6.1","SciTechArt"
"prop_subpillar_42","distance","SP6.2","HiTechManuf"
"prop_subpillar_42","distance","SP6.2","UnicornVal"
"prop_subpillar_42","distance","SP6.3","IntelPropRec"
"prop_subpillar_42","distance","SP6.3","HTExpHKG"
"prop_subpillar_42","distance","SP6.3","ISOQual"
"prop_subpillar_42","distance","SP7.1","CorpIAs"
"prop_subpillar_42","distance","SP7.1","IndustDes"
"prop_subpillar_42","distance","SP7.2","EntMedia"
"prop_subpillar_42","distance","SP7.2","CreaGoodExp"
"prop_subpillar_42","distance","SP7.3","TLDsMix"
"prop_subpillar_42","r_m","SP1.1","PolStab"
"prop_subpillar_42","r_m","SP1.2","RuleOL"
"prop_subpillar_42","r_m","SP1.3","EntreprenPCplus"
"prop_subpillar_42","r_m","SP2.1","ExpEdu"
"prop_subpillar_42","r_m","SP2.1","GovFundPup"
"prop_subpillar_42","r_m","SP2.1","PupTeachR"
"prop_subpillar_42","r_m","SP2.2","SciEngGrad"
"prop_subpillar_42","r_m","SP2.2","TertMob"
"prop_subpillar_42","r_m","SP2.3","ResPPop"
"prop_subpillar_42","r_m","SP2.3","QSRank"
"prop_subpillar_42","r_m","SP3.1","GovOLServ"
"prop_subpillar_42","r_m","SP3.1","ICTUseWIPO2"
"prop_subpillar_42","r_m","SP3.2","GroCap"
"prop_subpillar_42","r_m","SP3.2","ElecOut"
"prop_subpillar_42","r_m","SP3.3","LowCarbonEner"
"prop_subpillar_42","r_m","SP4.1","MicroLoanIMFFAS"
"prop_subpillar_42","r_m","SP4.2","LateVCInt"
"prop_subpillar_42","r_m","SP4.2","JointVenPB"
"prop_subpillar_42","r_m","SP4.2","MarkCap"
"prop_subpillar_42","r_m","SP4.3","AppTariffWTO"
"prop_subpillar_42","r_m","SP5.1","GERDFinBus"
"prop_subpillar_42","r_m","SP5.1","FemEmpDeg"
"prop_subpillar_42","r_m","SP5.1","GERDPerf"
"prop_subpillar_42","r_m","SP5.2","StatClustDev"
"prop_subpillar_42","r_m","SP5.2","PatFam"
"prop_subpillar_42","r_m","SP5.2","PublicPrivCopubs"
"prop_subpillar_42","r_m","SP5.3","IntelPropPay"
"prop_subpillar_42","r_m","SP5.3","FDINetInfl"
"prop_subpillar_42","r_m","SP5.3","ICTSevImp"
"prop_subpillar_42","r_m","SP6.1","UtilModOrig"
"prop_subpillar_42","r_m","SP6.1","PatOrig"
"prop_subpillar_42","r_m","SP6.1","SciTechArt"
"prop_subpillar_42","r_m","SP6.2","GrowPPP"
"prop_subpillar_42","r_m","SP6.2","UnicornVal"
"prop_subpillar_42","r_m","SP6.3","ISOQual"
"prop_subpillar_42","r_m","SP6.3","ICTServExp"
"prop_subpillar_42","r_m","SP6.3","HTExpHKG"
"prop_subpillar_42","r_m","SP7.1","TradmkOrig"
"prop_subpillar_42","r_m","SP7.1","CorpIAs"
"prop_subpillar_42","r_m","SP7.2","FilmsOmdia"
"prop_subpillar_42","r_m","SP7.2","CultServExp"
"prop_subpillar_42","r_m","SP7.3","TLDsMix"
